{
    "train_results": 4357.7470703125, 
    "valid_results": 632.4244384765625, 
    "epoch": 0
}